<?xml version="1.0" encoding="utf-8" ?>
<extension type="plugin" version="3.7.0" group="fields" method="upgrade">
	<name>plg_fields_slideshare</name>
	<author>Joomill Extensions</author>
	<creationDate>10-08-2021</creationDate>
	<copyright>Copyright (C) 2021 Joomill. All rights reserved.</copyright>
	<license>GNU General Public License version 2 or later; see LICENSE.txt</license>
	<authorEmail>info@joomill-extensions.com</authorEmail>
	<authorUrl>https://www.joomill-extensions.com</authorUrl>
	<version>4.0.0</version>
	<description>
		<![CDATA[
		<p>This plugin lets you create new fields for 'Slideshare presentations' in any extensions where custom fields are supported.</p>
		<div class="alert alert-success">This is the FREE version of the Custom Fields plugin. Some features and support are only available in the PRO Version.</div>
 		<p>
		<a href="https://www.joomill-extensions.com/extensions/custom-fields-plugins/documentation" target="_blank" class="btn btn-primary">Manual</a>
		<a href="https://extensions.joomla.org/extension/multimedia/multimedia-players/fields-slideshare/" target="_blank" class="btn btn-primary">Extensions Directory</a>
		<a href="https://www.joomill-extensions.com/extensions/custom-fields-plugins" target="_blank" class="btn btn-success">Get PRO Version</a>
		</p>
		<br/>
		<p>
		Follow me for more information about Joomla and updates for Joomill extensions:<br/>
		<a href="https://www.twitter.com/Joomill" target="_blank"><i class="fab fa-twitter-square fa-2x" style="color:#1DA1F2;"></i></a>
		<a href="https://www.instagram.com/Joomill" target="_blank"><i class="fab fa-instagram-square fa-2x" style="color:#E1306C;"></i></a>
		<a href="https://www.facebook.com/Joomill" target="_blank"><i class="fab fa-facebook-square fa-2x" style="color:#4267B2;"></i></a>
		</p>
		<style>
		a[target="_blank"]::before {
			content: "";
		}
		</style>
		]]>
	</description>

	<files>
		<filename plugin="slideshare">slideshare.php</filename>
		<filename>script.php</filename>
		<folder>elements</folder>
		<folder>params</folder>
		<folder>tmpl</folder>
	</files>
	
	<languages folder="language">
		<language tag="en-GB">plg_fields_slideshare.ini</language>
		<language tag="en-GB">plg_fields_slideshare.sys.ini</language>
	</languages>

	<config>
	</config>

	<!-- Scripts to run on installation -->
	<scriptfile>script.php</scriptfile>
	
	<updateservers>		
		<server type="extension" priority="1" name="Custom Fields - Slideshare"><![CDATA[https://www.joomill-extensions.com/index.php?option=com_rdsubs&view=updater&format=xml&cat=11]]></server>
	</updateservers>
</extension>
